{
    "status": "1",
    "searchOpt": {
      "city": "320100",
      "pageSize": "20",
      "pageIndex": "1",
      "ac": "false",
      "keyword": "地铁s7号线",
      "type": "4"
    },
    "data": {
      "codepoint": 0,
      "code": "1",
      "suggestion": {},
      "timestamp": "1667898817.64",
      "lqii": {
        "ppinfo": "[]",
        "cache_directive": {
          "cache_filter": {
            "flag": "1",
            "expires": "24"
          },
          "cache_all": {
            "flag": "0"
          }
        },
        "query_intent": {
          "cate_list": "",
          "type": "1000",
          "cate": "",
          "cate_ext": ""
        },
        "auto_query_cate_v2_full": "",
        "general_query_result": "0",
        "general_flag": "",
        "specialclassify": "0",
        "view_region": "118.871732200,31.771317100,119.062853800,31.596391900",
        "smartspot": "0",
        "suggestcontent": "",
        "category_brand_recognition_result": "0",
        "pdheatmap": "",
        "render_name_flag": "1",
        "city_info_attr": {
          "map_view_city": "320100",
          "target_city": "3201",
          "user_loc_city": ""
        },
        "is_current_city": "2",
        "expand_range_tip": "",
        "industry_info": null,
        "suggest_query": {
          "data": [],
          "col": "",
          "row": ""
        },
        "change_query_tip": "",
        "is_tupu_sug": "0",
        "has_recommend": "0",
        "brand_intent": {
          "t_tag": "",
          "hierarchy_strategy": "0",
          "cate": "",
          "hierarchy_idx": "-1",
          "flag": "0",
          "query_brand": "",
          "name": ""
        },
        "suggestionview": "0",
        "show_hand_drawing": "0",
        "change_query_type": "",
        "business": "",
        "auto_query_cate_v1": "出入口=0.533000;交通出行=0.455000\u0006出入口|地铁站出入口=0.533000;交通出行|地铁站=0.439000;交通出行=0.015000",
        "auto_query_cate_v2": "",
        "car_icon_flag": "0",
        "tips_info": {
          "tips_back_gsid": "",
          "target_keywords_list": [],
          "target_city_list": null,
          "tip_rule": "",
          "result_city": "南京市",
          "result_adcode": "320100"
        },
        "slayer_type": "none",
        "show_pic": "",
        "recall_info": {
          "query": "keywords:地铁s7号线",
          "range": ""
        },
        "is_view_city": "1",
        "querytype": "5",
        "category_brand_recognition_flag": 0,
        "ww_info": {
          "ww": {
            "t_tag": "",
            "poiid": ""
          },
          "is_ww": false
        },
        "self_navigation": "",
        "rec_pos": {
          "latlng": ""
        },
        "auto_query_cate": "出入口=0.533000;交通出行=0.455000\u0006出入口|地铁站出入口=0.533000;交通出行|地铁站=0.439000;交通出行=0.015000",
        "auto_hit_intent_makeup_dict": "false",
        "showaoi": "",
        "utd_sceneid": "1000",
        "distance_info": "",
        "slayer": "0",
        "target_view_city": "",
        "call_taxi": "0",
        "preload_next_page": "0",
        "magic_box": {},
        "activity": {
          "new_year": {
            "flag": "0",
            "tip": ""
          }
        }
      },
      "is_general_search": "0",
      "result": "true",
      "keywords": "地铁s7号线",
      "message": "Successful.",
      "total": "9",
      "busline_list": [
        {
          "front_name": "无想山",
          "areacode": "025",
          "code": "320100",
          "xs": "119.046528,119.046502,119.046117,119.046113,119.04609,119.045906,119.045294,119.045275,119.045257,119.044597,119.044582,119.044557,119.044299,119.043325,119.04329,119.043232,119.042485,119.042338,119.042289,119.042228,119.042161,119.042086,119.041924,119.041634,119.041342,119.040942,119.040457,119.040092,119.039644,119.03933,119.038872,119.038393,119.037636,119.036994,119.02644,119.02051,119.019555,119.019006,119.018458,119.018048,119.017683,119.01719,119.016446,119.015924,119.015774,119.015651,119.015543,119.015474,119.015415,119.015369,119.015288,119.014558,119.014396,119.014219,119.013904,119.013684,119.013295,119.012614,119.010423,119.010034,119.009422,119.00873,119.007636,119.007127,119.006606,119.006151,119.005488,119.004732,119.004192,118.993855,118.990057,118.98925,118.988478,118.985957,118.981129,118.980303,118.97982,118.979114,118.978559,118.977902,118.977245,118.976574,118.976081,118.975445,118.974734,118.972953,118.97209,118.970861,118.969925,118.968421,118.967299,118.966422,118.964816,118.963603,118.962549,118.961763,118.960656,118.959958,118.957343,118.956152,118.955299,118.953831,118.953263,118.952494,118.950671,118.949671,118.948741,118.947593,118.946652,118.945881,118.944993,118.944318,118.94344,118.942465,118.941668,118.941047,118.940268,118.939832,118.939545,118.938588,118.937897,118.937264,118.932735,118.931678,118.931061,118.930544,118.92979,118.929423,118.928855,118.928217,118.927638,118.927379,118.927097,118.926766,118.926284,118.925757,118.925411,118.924894,118.923401,118.922897,118.921971,118.921006,118.919375,118.918088,118.916384,118.913049,118.912167,118.911684,118.888204,118.887659",
          "id": "900000075074",
          "terminal_name": "空港新城江宁",
          "terminal_spell": "kong gang xin cheng jiang ning",
          "basic_price": "2",
          "type": "2",
          "company": "",
          "status": "1",
          "ic_card": "0",
          "neareststation": "",
          "description": "",
          "key_name": "地铁S7号线(宁溧线)",
          "start_time": "0600",
          "front_spell": "wu xiang shan",
          "busline_event": "",
          "ys": "31.611448,31.611967,31.624152,31.624602,31.62508,31.629767,31.646091,31.646761,31.647414,31.661573,31.662243,31.662941,31.666662,31.685699,31.686304,31.686976,31.697573,31.700214,31.701842,31.702421,31.703108,31.703555,31.704122,31.70477,31.705265,31.705807,31.706294,31.706613,31.706941,31.707141,31.707404,31.707639,31.707917,31.708134,31.711763,31.71379,31.714135,31.714386,31.714696,31.714956,31.715225,31.715622,31.716301,31.716875,31.717035,31.717179,31.717327,31.71745,31.717583,31.717708,31.71795,31.720341,31.720852,31.721395,31.722487,31.723242,31.724239,31.725734,31.729922,31.730625,31.731424,31.732095,31.732825,31.733071,31.73329,31.733457,31.733632,31.733769,31.733828,31.733845,31.733815,31.733816,31.733815,31.733827,31.733816,31.733812,31.733827,31.733896,31.733985,31.734133,31.734338,31.734585,31.734815,31.735153,31.735568,31.73659,31.73709,31.737797,31.738342,31.739216,31.739884,31.740381,31.741294,31.74198,31.742573,31.743014,31.743632,31.744015,31.745533,31.746217,31.746698,31.747547,31.747875,31.748313,31.749388,31.749963,31.750495,31.751162,31.751659,31.752065,31.752541,31.752884,31.753336,31.753842,31.754281,31.754703,31.755318,31.755636,31.755835,31.756362,31.75674,31.757084,31.759459,31.759952,31.760168,31.760303,31.760452,31.760485,31.760513,31.760505,31.76045,31.76041,31.760352,31.760277,31.760139,31.759952,31.759806,31.759554,31.758772,31.75851,31.758022,31.757525,31.756671,31.755994,31.755105,31.753353,31.752881,31.752618,31.737987,31.737687",
          "total_price": "6",
          "name": "地铁S7号线(宁溧线)(无想山--空港新城江宁)",
          "auto": "0",
          "stations": [
            {
              "status": "1",
              "trans_flag": "0",
              "code": "320117",
              "navi_poiid": "",
              "name": "无想山",
              "station_num": "1",
              "poiid1": "BS11901318",
              "start_time": "0600",
              "spell": "wu xiang shan",
              "time_desc_json": "",
              "station_id": "900000075074001",
              "pics": "[]",
              "navi_poiname": "",
              "end_time": "2200",
              "navi_poiside": "",
              "xy_coords": "119.046528;31.611448",
              "poiid2_xy": "119.046528;31.611448",
              "poiid2": "BV10854326"
            },
            {
              "status": "1",
              "trans_flag": "0",
              "code": "320117",
              "navi_poiid": "",
              "name": "幸庄",
              "station_num": "2",
              "poiid1": "BS11901314",
              "start_time": "0602",
              "spell": "xing zhuang",
              "time_desc_json": "",
              "station_id": "900000075074002",
              "pics": "[]",
              "navi_poiname": "",
              "end_time": "2202",
              "navi_poiside": "",
              "xy_coords": "119.046113;31.624602",
              "poiid2_xy": "119.046113;31.624602",
              "poiid2": "BV10854324"
            },
            {
              "status": "1",
              "trans_flag": "0",
              "code": "320117",
              "navi_poiid": "",
              "name": "中山湖",
              "station_num": "3",
              "poiid1": "BS11901320",
              "start_time": "0605",
              "spell": "zhong shan hu",
              "time_desc_json": "",
              "station_id": "900000075074003",
              "pics": "[]",
              "navi_poiname": "",
              "end_time": "2205",
              "navi_poiside": "",
              "xy_coords": "119.045275;31.646761",
              "poiid2_xy": "119.045275;31.646761",
              "poiid2": "BV10854327"
            },
            {
              "status": "1",
              "trans_flag": "0",
              "code": "320117",
              "navi_poiid": "",
              "name": "溧水",
              "station_num": "4",
              "poiid1": "BS11901316",
              "start_time": "0607",
              "spell": "li shui",
              "time_desc_json": "",
              "station_id": "900000075074004",
              "pics": "[]",
              "navi_poiname": "",
              "end_time": "2207",
              "navi_poiside": "",
              "xy_coords": "119.044582;31.662243",
              "poiid2_xy": "119.044582;31.662243",
              "poiid2": "BV10854325"
            },
            {
              "status": "1",
              "trans_flag": "0",
              "code": "320117",
              "navi_poiid": "",
              "name": "卧龙湖",
              "station_num": "5",
              "poiid1": "BS12091206",
              "start_time": "0611",
              "spell": "wo long hu",
              "time_desc_json": "",
              "station_id": "900000075074005",
              "pics": "[]",
              "navi_poiname": "",
              "end_time": "2211",
              "navi_poiside": "",
              "xy_coords": "119.04329;31.686304",
              "poiid2_xy": "119.043290;31.686304",
              "poiid2": "BV10946751"
            },
            {
              "status": "1",
              "trans_flag": "0",
              "code": "320117",
              "navi_poiid": "",
              "name": "群力",
              "station_num": "6",
              "poiid1": "BS12091212",
              "start_time": "0616",
              "spell": "qun li",
              "time_desc_json": "",
              "station_id": "900000075074006",
              "pics": "[]",
              "navi_poiname": "",
              "end_time": "2216",
              "navi_poiside": "",
              "xy_coords": "119.014396;31.720852",
              "poiid2_xy": "119.014396;31.720852",
              "poiid2": "BV10946754"
            },
            {
              "status": "1",
              "trans_flag": "0",
              "code": "320117",
              "navi_poiid": "",
              "name": "空港新城溧水",
              "station_num": "7",
              "poiid1": "BS11901324",
              "start_time": "0620",
              "spell": "kong gang xin cheng li shui",
              "time_desc_json": "",
              "station_id": "900000075074007",
              "pics": "[]",
              "navi_poiname": "",
              "end_time": "2220",
              "navi_poiside": "",
              "xy_coords": "118.98925;31.733816",
              "poiid2_xy": "118.989250;31.733816",
              "poiid2": "BV10854329"
            },
            {
              "status": "1",
              "trans_flag": "0",
              "code": "320117",
              "navi_poiid": "",
              "name": "柘塘",
              "station_num": "8",
              "poiid1": "BS12091208",
              "start_time": "0625",
              "spell": "zhe tang",
              "time_desc_json": "",
              "station_id": "900000075074008",
              "pics": "[]",
              "navi_poiname": "",
              "end_time": "2225",
              "navi_poiside": "",
              "xy_coords": "118.937897;31.75674",
              "poiid2_xy": "118.937897;31.756740",
              "poiid2": "BV10946752"
            },
            {
              "status": "1",
              "trans_flag": "1",
              "code": "320115",
              "navi_poiid": "",
              "name": "空港新城江宁",
              "station_num": "9",
              "poiid1": "BS12091210",
              "start_time": "",
              "spell": "kong gang xin cheng jiang ning",
              "time_desc_json": "",
              "station_id": "900000075074009",
              "pics": "[]",
              "navi_poiname": "",
              "end_time": "",
              "navi_poiside": "",
              "xy_coords": "118.887659;31.737687",
              "poiid2_xy": "118.887659;31.737687",
              "poiid2": "BV10946753"
            }
          ],
          "interval": "0014",
          "bounds": "118.887659;31.611448;119.046528;31.760513",
          "air": "",
          "length": "28.20669",
          "end_time": "2200",
          "is_realtime": "0"
        },
        {
          "front_name": "空港新城江宁",
          "areacode": "025",
          "code": "320100",
          "xs": "118.887659,118.888204,118.911684,118.912167,118.913049,118.916384,118.918088,118.919375,118.921006,118.921971,118.922897,118.923401,118.924894,118.925411,118.925757,118.926284,118.926766,118.927097,118.927379,118.927638,118.928217,118.928855,118.929423,118.92979,118.930544,118.931061,118.931678,118.932735,118.937264,118.937897,118.938588,118.939545,118.939832,118.940268,118.941047,118.941668,118.942465,118.94344,118.944318,118.944993,118.945881,118.946652,118.947593,118.948741,118.949671,118.950671,118.952494,118.953263,118.953831,118.955299,118.956152,118.957343,118.959958,118.960656,118.961763,118.962549,118.963603,118.964816,118.966422,118.967299,118.968421,118.969925,118.970861,118.97209,118.972953,118.974734,118.975445,118.976081,118.976574,118.977245,118.977902,118.978559,118.979114,118.97982,118.980303,118.981129,118.985957,118.988478,118.98925,118.990057,118.993855,119.004192,119.004732,119.005488,119.006151,119.006606,119.007127,119.007636,119.00873,119.009422,119.010034,119.010423,119.012614,119.013295,119.013684,119.013904,119.014219,119.014396,119.014558,119.015288,119.015369,119.015415,119.015474,119.015543,119.015651,119.015774,119.015924,119.016446,119.01719,119.017683,119.018048,119.018458,119.019006,119.019555,119.02051,119.02644,119.036994,119.037636,119.038393,119.038872,119.03933,119.039644,119.040092,119.040457,119.040942,119.041342,119.041634,119.041924,119.042086,119.042161,119.042228,119.042289,119.042338,119.042485,119.043232,119.04329,119.043325,119.044299,119.044557,119.044582,119.044597,119.045257,119.045275,119.045294,119.045906,119.04609,119.046113,119.046117,119.046502,119.046528",
          "id": "900000075073",
          "terminal_name": "无想山",
          "terminal_spell": "wu xiang shan",
          "basic_price": "2",
          "type": "2",
          "company": "",
          "status": "1",
          "ic_card": "0",
          "neareststation": "",
          "description": "",
          "key_name": "地铁S7号线(宁溧线)",
          "start_time": "0600",
          "front_spell": "kong gang xin cheng jiang ning",
          "busline_event": "",
          "ys": "31.737687,31.737987,31.752618,31.752881,31.753353,31.755105,31.755994,31.756671,31.757525,31.758022,31.75851,31.758772,31.759554,31.759806,31.759952,31.760139,31.760277,31.760352,31.76041,31.76045,31.760505,31.760513,31.760485,31.760452,31.760303,31.760168,31.759952,31.759459,31.757084,31.75674,31.756362,31.755835,31.755636,31.755318,31.754703,31.754281,31.753842,31.753336,31.752884,31.752541,31.752065,31.751659,31.751162,31.750495,31.749963,31.749388,31.748313,31.747875,31.747547,31.746698,31.746217,31.745533,31.744015,31.743632,31.743014,31.742573,31.74198,31.741294,31.740381,31.739884,31.739216,31.738342,31.737797,31.73709,31.73659,31.735568,31.735153,31.734815,31.734585,31.734338,31.734133,31.733985,31.733896,31.733827,31.733812,31.733816,31.733827,31.733815,31.733816,31.733815,31.733845,31.733828,31.733769,31.733632,31.733457,31.73329,31.733071,31.732825,31.732095,31.731424,31.730625,31.729922,31.725734,31.724239,31.723242,31.722487,31.721395,31.720852,31.720341,31.71795,31.717708,31.717583,31.71745,31.717327,31.717179,31.717035,31.716875,31.716301,31.715622,31.715225,31.714956,31.714696,31.714386,31.714135,31.71379,31.711763,31.708134,31.707917,31.707639,31.707404,31.707141,31.706941,31.706613,31.706294,31.705807,31.705265,31.70477,31.704122,31.703555,31.703108,31.702421,31.701842,31.700214,31.697573,31.686976,31.686304,31.685699,31.666662,31.662941,31.662243,31.661573,31.647414,31.646761,31.646091,31.629767,31.62508,31.624602,31.624152,31.611967,31.611448",
          "total_price": "6",
          "name": "地铁S7号线(宁溧线)(空港新城江宁--无想山)",
          "auto": "0",
          "stations": [
            {
              "status": "1",
              "trans_flag": "1",
              "code": "320115",
              "navi_poiid": "",
              "name": "空港新城江宁",
              "station_num": "1",
              "poiid1": "BS12091211",
              "start_time": "0600",
              "spell": "kong gang xin cheng jiang ning",
              "time_desc_json": "",
              "station_id": "900000075073002",
              "pics": "[]",
              "navi_poiname": "",
              "end_time": "2200",
              "navi_poiside": "",
              "xy_coords": "118.887659;31.737687",
              "poiid2_xy": "118.887659;31.737687",
              "poiid2": "BV10946753"
            },
            {
              "status": "1",
              "trans_flag": "0",
              "code": "320117",
              "navi_poiid": "",
              "name": "柘塘",
              "station_num": "2",
              "poiid1": "BS12091209",
              "start_time": "0605",
              "spell": "zhe tang",
              "time_desc_json": "",
              "station_id": "900000075073003",
              "pics": "[]",
              "navi_poiname": "",
              "end_time": "2205",
              "navi_poiside": "",
              "xy_coords": "118.937897;31.75674",
              "poiid2_xy": "118.937897;31.756740",
              "poiid2": "BV10946752"
            },
            {
              "status": "1",
              "trans_flag": "0",
              "code": "320117",
              "navi_poiid": "",
              "name": "空港新城溧水",
              "station_num": "3",
              "poiid1": "BS11901325",
              "start_time": "0610",
              "spell": "kong gang xin cheng li shui",
              "time_desc_json": "",
              "station_id": "900000075073004",
              "pics": "[]",
              "navi_poiname": "",
              "end_time": "2210",
              "navi_poiside": "",
              "xy_coords": "118.98925;31.733816",
              "poiid2_xy": "118.989250;31.733816",
              "poiid2": "BV10854329"
            },
            {
              "status": "1",
              "trans_flag": "0",
              "code": "320117",
              "navi_poiid": "",
              "name": "群力",
              "station_num": "4",
              "poiid1": "BS12091213",
              "start_time": "0614",
              "spell": "qun li",
              "time_desc_json": "",
              "station_id": "900000075073005",
              "pics": "[]",
              "navi_poiname": "",
              "end_time": "2214",
              "navi_poiside": "",
              "xy_coords": "119.014396;31.720852",
              "poiid2_xy": "119.014396;31.720852",
              "poiid2": "BV10946754"
            },
            {
              "status": "1",
              "trans_flag": "0",
              "code": "320117",
              "navi_poiid": "",
              "name": "卧龙湖",
              "station_num": "5",
              "poiid1": "BS12091207",
              "start_time": "0619",
              "spell": "wo long hu",
              "time_desc_json": "",
              "station_id": "900000075073006",
              "pics": "[]",
              "navi_poiname": "",
              "end_time": "2219",
              "navi_poiside": "",
              "xy_coords": "119.04329;31.686304",
              "poiid2_xy": "119.043290;31.686304",
              "poiid2": "BV10946751"
            },
            {
              "status": "1",
              "trans_flag": "0",
              "code": "320117",
              "navi_poiid": "",
              "name": "溧水",
              "station_num": "6",
              "poiid1": "BS11901317",
              "start_time": "0622",
              "spell": "li shui",
              "time_desc_json": "",
              "station_id": "900000075073007",
              "pics": "[]",
              "navi_poiname": "",
              "end_time": "2222",
              "navi_poiside": "",
              "xy_coords": "119.044582;31.662243",
              "poiid2_xy": "119.044582;31.662243",
              "poiid2": "BV10854325"
            },
            {
              "status": "1",
              "trans_flag": "0",
              "code": "320117",
              "navi_poiid": "",
              "name": "中山湖",
              "station_num": "7",
              "poiid1": "BS11901321",
              "start_time": "0625",
              "spell": "zhong shan hu",
              "time_desc_json": "",
              "station_id": "900000075073008",
              "pics": "[]",
              "navi_poiname": "",
              "end_time": "2225",
              "navi_poiside": "",
              "xy_coords": "119.045275;31.646761",
              "poiid2_xy": "119.045275;31.646761",
              "poiid2": "BV10854327"
            },
            {
              "status": "1",
              "trans_flag": "0",
              "code": "320117",
              "navi_poiid": "",
              "name": "幸庄",
              "station_num": "8",
              "poiid1": "BS11901315",
              "start_time": "0628",
              "spell": "xing zhuang",
              "time_desc_json": "",
              "station_id": "900000075073009",
              "pics": "[]",
              "navi_poiname": "",
              "end_time": "2228",
              "navi_poiside": "",
              "xy_coords": "119.046113;31.624602",
              "poiid2_xy": "119.046113;31.624602",
              "poiid2": "BV10854324"
            },
            {
              "status": "1",
              "trans_flag": "0",
              "code": "320117",
              "navi_poiid": "",
              "name": "无想山",
              "station_num": "9",
              "poiid1": "BS11901319",
              "start_time": "",
              "spell": "wu xiang shan",
              "time_desc_json": "",
              "station_id": "900000075073010",
              "pics": "[]",
              "navi_poiname": "",
              "end_time": "",
              "navi_poiside": "",
              "xy_coords": "119.046528;31.611448",
              "poiid2_xy": "119.046528;31.611448",
              "poiid2": "BV10854326"
            }
          ],
          "interval": "0014",
          "bounds": "118.887659;31.611448;119.046528;31.760513",
          "air": "",
          "length": "28.20669",
          "end_time": "2200",
          "is_realtime": "0"
        }
      ],
      "bus_list": [],
      "general_flag": "0",
      "bounds": "118.887659;31.611448;119.046528;31.756740",
      "version": "2.0-3.0.2300.1035",
      "busline_count": "2",
      "magicbox_data": {},
      "interior_count": "0",
      "poi_list": [
        {
          "rating": "",
          "tel": "",
          "typecode": "150500",
          "areacode": "025",
          "cityname": "南京市",
          "address": "S7号线/宁溧线",
          "child_stations": [
            {
              "navi_poiname": "",
              "businfo_lineids": "900000075074",
              "businfo_station_status": "1",
              "businfo_line_types": "2",
              "y": "31.611448",
              "businfo_line_alias": "S7号线/宁溧线",
              "businfo_stationids": "900000075074001",
              "businfo_ui_colors": "E4A8A3",
              "new_type": "150500",
              "navi_poiside": "",
              "businfo_angles": "92.867911",
              "businfo_expect_dates": "",
              "poiid": "BS11901318",
              "poiid2": "BV10854326",
              "businfo_alias": "",
              "navi_poiid": "",
              "name": "无想山(地铁站)",
              "businfo_mesh": "H50F005041",
              "businfo_road_id": "604593",
              "bus_alias": "A",
              "businfo_line_names": "地铁S7号线(宁溧线)(无想山--空港新城江宁)",
              "x": "119.046528",
              "businfo_realbus": "0",
              "businfo_line_keys": "地铁S7号线(宁溧线)"
            },
            {
              "navi_poiname": "",
              "businfo_lineids": "900000075073",
              "businfo_station_status": "1",
              "businfo_line_types": "2",
              "y": "31.611448",
              "businfo_line_alias": "S7号线/宁溧线",
              "businfo_stationids": "900000075073010",
              "businfo_ui_colors": "E4A8A3",
              "new_type": "150500",
              "navi_poiside": "",
              "businfo_angles": "-87.132089",
              "businfo_expect_dates": "",
              "poiid": "BS11901319",
              "poiid2": "BV10854326",
              "businfo_alias": "",
              "navi_poiid": "",
              "name": "无想山(地铁站)",
              "businfo_mesh": "H50F005041",
              "businfo_road_id": "604593",
              "bus_alias": "B",
              "businfo_line_names": "地铁S7号线(宁溧线)(空港新城江宁--无想山)",
              "x": "119.046528",
              "businfo_realbus": "0",
              "businfo_line_keys": "地铁S7号线(宁溧线)"
            }
          ],
          "display_brand": "",
          "shape_region": "",
          "longitude": "119.046528",
          "review_total": "",
          "cinemazuo_flag": "0",
          "diner_flag": "0",
          "id": "BV10854326",
          "name": "无想山(地铁站)",
          "group_flag": "0",
          "distance": "0",
          "entrances": [],
          "recommend_flag": "0",
          "exits": [],
          "stations": {
            "businfo_lineids": "900000075074|900000075073",
            "display_x": "119.046528",
            "display_y": "31.611448",
            "businfo_ids": "BS11901318|BS11901319",
            "businfo_line_alias": "S7号线/宁溧线|S7号线/宁溧线",
            "businfo_ui_colors": "E4A8A3|E4A8A3",
            "businfo_alias": "",
            "businfo_angles": "92.867911|-87.132089",
            "businfo_line_names": "地铁S7号线(宁溧线)(无想山--空港新城江宁)|地铁S7号线(宁溧线)(空港新城江宁--无想山)",
            "businfo_stationids": "900000075074001|900000075073010",
            "businfo_line_types": "2|2",
            "businfo_road_ids": "604593|604593",
            "businfo_station_status": "1|1",
            "businfo_meshs": "H50F005041|H50F005041",
            "xs": "119.046528|119.046528",
            "ys": "31.611448|31.611448",
            "businfo_line_keys": "地铁S7号线(宁溧线)|地铁S7号线(宁溧线)",
            "businfo_expect_dates": " | ",
            "businfo_realbus": "0|0"
          },
          "adcode": "320117",
          "domain_list": [
            {
              "type": "html",
              "id": "1015",
              "name": "poiclosed"
            },
            {
              "type": "img",
              "id": "1003",
              "name": "icon"
            },
            {
              "type": "html",
              "id": "1011",
              "name": "traffic"
            },
            {
              "type": "text",
              "id": "1014",
              "name": "roadaoi"
            },
            {
              "type": "button",
              "id": "1012",
              "name": "ext_btn"
            },
            {
              "type": "webimg",
              "id": "1009",
              "name": "pic_info"
            },
            {
              "type": "img",
              "id": "1008",
              "name": "overbooked"
            },
            {
              "type": "img",
              "id": "1007",
              "name": "moreservice"
            },
            {
              "type": "html",
              "id": "1006",
              "name": "tag"
            },
            {
              "type": "text",
              "id": "1005",
              "value": "查看出入口、停车场",
              "name": "parent_info"
            },
            {
              "pys": "31.610969+++31.611066+++31.611967+++31.611998",
              "poiids": "BX10025087+++BX10025090+++BX10025088+++BX10025089",
              "name": "parent_other_rel",
              "pxs": "119.046905+++119.046119+++119.046927+++119.046156",
              "childtype": "107+++107+++107+++107",
              "poiname": "无想山地铁站1号口+++无想山地铁站4号口+++无想山地铁站2号口+++无想山地铁站3号口",
              "address": "S7号线/宁溧线+++S7号线/宁溧线+++S7号线/宁溧线+++S7号线/宁溧线",
              "shortname": "1+++4+++2+++3",
              "type": "array",
              "id": "1004"
            },
            {
              "type": "text",
              "id": "1010",
              "name": "business_area"
            },
            {
              "type": "html",
              "id": "1002",
              "name": "deepinfo"
            },
            {
              "type": "html",
              "id": "1001",
              "name": "price"
            },
            {
              "type": "text",
              "id": "1013",
              "name": "aoi"
            }
          ],
          "newtype": "150500",
          "disp_name": "无想山(地铁站)",
          "cpdata": "",
          "latitude": "31.611448",
          "discount_flag": "0"
        },
        {
          "rating": "",
          "tel": "",
          "typecode": "150500",
          "areacode": "025",
          "cityname": "南京市",
          "address": "S1号线/机场线;S7号线/宁溧线",
          "child_stations": [
            {
              "navi_poiname": "",
              "businfo_lineids": "320100022467;900000075073",
              "businfo_line_shields": "S1号线;S7号线",
              "businfo_line_types": "2;2",
              "y": "31.737687",
              "businfo_line_alias": "S1号线/机场线;S7号线/宁溧线",
              "businfo_stationids": "320100022467010;900000075073002",
              "businfo_ui_colors": "00AD8E;E4A8A3",
              "new_type": "150500",
              "navi_poiside": "",
              "businfo_angles": "28.342046",
              "businfo_expect_dates": ";",
              "poiid": "BS12091211",
              "poiid2": "BV10946753",
              "businfo_alias": "",
              "navi_poiid": "",
              "name": "空港新城江宁(地铁站)",
              "businfo_mesh": "H50F004040",
              "businfo_road_id": "606322",
              "bus_alias": "A",
              "businfo_line_names": "地铁S1号线(机场线)(南京南站--空港新城江宁);地铁S7号线(宁溧线)(空港新城江宁--无想山)",
              "x": "118.887659",
              "businfo_realbus": "0;0",
              "businfo_line_keys": "地铁S1号线(机场线);地铁S7号线(宁溧线)",
              "businfo_station_status": "1;1"
            },
            {
              "navi_poiname": "",
              "businfo_lineids": "320100022468;900000075074",
              "businfo_line_shields": "S1号线;S7号线",
              "businfo_line_types": "2;2",
              "y": "31.737687",
              "businfo_line_alias": "S1号线/机场线;S7号线/宁溧线",
              "businfo_stationids": "320100022468010;900000075074009",
              "businfo_ui_colors": "00AD8E;E4A8A3",
              "new_type": "150500",
              "navi_poiside": "",
              "businfo_angles": "-151.657954",
              "businfo_expect_dates": ";",
              "poiid": "BS12091210",
              "poiid2": "BV10946753",
              "businfo_alias": "",
              "navi_poiid": "",
              "name": "空港新城江宁(地铁站)",
              "businfo_mesh": "H50F004040",
              "businfo_road_id": "606322",
              "bus_alias": "B",
              "businfo_line_names": "地铁S1号线(机场线)(空港新城江宁--南京南站);地铁S7号线(宁溧线)(无想山--空港新城江宁)",
              "x": "118.887659",
              "businfo_realbus": "0;0",
              "businfo_line_keys": "地铁S1号线(机场线);地铁S7号线(宁溧线)",
              "businfo_station_status": "1;1"
            }
          ],
          "display_brand": "",
          "shape_region": "",
          "longitude": "118.887659",
          "review_total": "1",
          "cinemazuo_flag": "0",
          "diner_flag": "0",
          "id": "BV10946753",
          "name": "空港新城江宁(地铁站)",
          "group_flag": "0",
          "distance": "0",
          "entrances": [],
          "recommend_flag": "0",
          "exits": [],
          "stations": {
            "businfo_lineids": "320100022468;900000075074|320100022467;900000075073",
            "display_x": "118.887659",
            "display_y": "31.737687",
            "businfo_ids": "BS12091210|BS12091211",
            "businfo_line_alias": "S1号线/机场线;S7号线/宁溧线|S1号线/机场线;S7号线/宁溧线",
            "businfo_ui_colors": "00AD8E;E4A8A3|00AD8E;E4A8A3",
            "businfo_alias": "",
            "businfo_angles": "-151.657954|28.342046",
            "businfo_line_names": "地铁S1号线(机场线)(空港新城江宁--南京南站);地铁S7号线(宁溧线)(无想山--空港新城江宁)|地铁S1号线(机场线)(南京南站--空港新城江宁);地铁S7号线(宁溧线)(空港新城江宁--无想山)",
            "businfo_stationids": "320100022468010;900000075074009|320100022467010;900000075073002",
            "businfo_line_types": "2;2|2;2",
            "businfo_road_ids": "606322|606322",
            "businfo_station_status": "1;1|1;1",
            "businfo_meshs": "H50F004040|H50F004040",
            "xs": "118.887659|118.887659",
            "ys": "31.737687|31.737687",
            "businfo_line_keys": "地铁S1号线(机场线);地铁S7号线(宁溧线)|地铁S1号线(机场线);地铁S7号线(宁溧线)",
            "businfo_expect_dates": ";|;",
            "businfo_realbus": "0;0|0;0"
          },
          "adcode": "320115",
          "domain_list": [
            {
              "type": "html",
              "id": "1015",
              "name": "poiclosed"
            },
            {
              "type": "img",
              "id": "1003",
              "name": "icon"
            },
            {
              "type": "html",
              "id": "1011",
              "name": "traffic"
            },
            {
              "type": "text",
              "id": "1014",
              "name": "roadaoi"
            },
            {
              "type": "button",
              "id": "1012",
              "name": "ext_btn"
            },
            {
              "type": "webimg",
              "id": "1009",
              "name": "pic_info"
            },
            {
              "type": "img",
              "id": "1008",
              "name": "overbooked"
            },
            {
              "type": "img",
              "id": "1007",
              "name": "moreservice"
            },
            {
              "type": "html",
              "id": "1006",
              "name": "tag"
            },
            {
              "type": "text",
              "id": "1005",
              "value": "查看出入口、停车场",
              "name": "parent_info"
            },
            {
              "pys": "31.738161+++31.737518",
              "poiids": "BX10025100+++BX10028564",
              "name": "parent_other_rel",
              "pxs": "118.887981+++118.886815",
              "childtype": "107+++107",
              "poiname": "空港新城江宁地铁站1号口+++空港新城江宁地铁站2号口",
              "address": "S1号线/机场线;S7号线/宁溧线+++S1号线/机场线;S7号线/宁溧线",
              "shortname": "1+++2",
              "type": "array",
              "id": "1004"
            },
            {
              "type": "text",
              "id": "1010",
              "name": "business_area"
            },
            {
              "type": "html",
              "id": "1002",
              "name": "deepinfo"
            },
            {
              "type": "html",
              "id": "1001",
              "name": "price"
            },
            {
              "type": "text",
              "id": "1013",
              "name": "aoi"
            }
          ],
          "newtype": "150500",
          "disp_name": "空港新城江宁(地铁站)",
          "cpdata": "",
          "latitude": "31.737687",
          "discount_flag": "0"
        },
        {
          "rating": "",
          "tel": "",
          "typecode": "150500",
          "areacode": "025",
          "cityname": "南京市",
          "address": "S7号线/宁溧线",
          "child_stations": [
            {
              "navi_poiname": "",
              "businfo_lineids": "900000075073",
              "businfo_line_shields": "S7号线",
              "businfo_line_types": "2",
              "y": "31.720852",
              "businfo_line_alias": "S7号线/宁溧线",
              "businfo_stationids": "900000075073005",
              "businfo_ui_colors": "E4A8A3",
              "new_type": "150500",
              "navi_poiside": "",
              "businfo_angles": "-71.945748",
              "businfo_expect_dates": "",
              "poiid": "BS12091213",
              "poiid2": "BV10946754",
              "businfo_alias": "",
              "navi_poiid": "",
              "name": "群力(地铁站)",
              "businfo_mesh": "H50F004041",
              "businfo_road_id": "609743",
              "bus_alias": "A",
              "businfo_line_names": "地铁S7号线(宁溧线)(空港新城江宁--无想山)",
              "x": "119.014396",
              "businfo_realbus": "0",
              "businfo_line_keys": "地铁S7号线(宁溧线)",
              "businfo_station_status": "1"
            },
            {
              "navi_poiname": "",
              "businfo_lineids": "900000075074",
              "businfo_line_shields": "S7号线",
              "businfo_line_types": "2",
              "y": "31.720852",
              "businfo_line_alias": "S7号线/宁溧线",
              "businfo_stationids": "900000075074006",
              "businfo_ui_colors": "E4A8A3",
              "new_type": "150500",
              "navi_poiside": "",
              "businfo_angles": "107.589940",
              "businfo_expect_dates": "",
              "poiid": "BS12091212",
              "poiid2": "BV10946754",
              "businfo_alias": "",
              "navi_poiid": "",
              "name": "群力(地铁站)",
              "businfo_mesh": "H50F004041",
              "businfo_road_id": "609743",
              "bus_alias": "B",
              "businfo_line_names": "地铁S7号线(宁溧线)(无想山--空港新城江宁)",
              "x": "119.014396",
              "businfo_realbus": "0",
              "businfo_line_keys": "地铁S7号线(宁溧线)",
              "businfo_station_status": "1"
            }
          ],
          "display_brand": "",
          "shape_region": "",
          "longitude": "119.014396",
          "review_total": "",
          "cinemazuo_flag": "0",
          "diner_flag": "0",
          "id": "BV10946754",
          "name": "群力(地铁站)",
          "group_flag": "0",
          "distance": "0",
          "entrances": [],
          "recommend_flag": "0",
          "exits": [],
          "stations": {
            "businfo_lineids": "900000075073|900000075074",
            "display_x": "119.014396",
            "display_y": "31.720852",
            "businfo_ids": "BS12091213|BS12091212",
            "businfo_line_alias": "S7号线/宁溧线|S7号线/宁溧线",
            "businfo_ui_colors": "E4A8A3|E4A8A3",
            "businfo_alias": "",
            "businfo_angles": "-71.945748|107.589940",
            "businfo_line_names": "地铁S7号线(宁溧线)(空港新城江宁--无想山)|地铁S7号线(宁溧线)(无想山--空港新城江宁)",
            "businfo_stationids": "900000075073005|900000075074006",
            "businfo_line_types": "2|2",
            "businfo_road_ids": "609743|609743",
            "businfo_station_status": "1|1",
            "businfo_meshs": "H50F004041|H50F004041",
            "xs": "119.014396|119.014396",
            "ys": "31.720852|31.720852",
            "businfo_line_keys": "地铁S7号线(宁溧线)|地铁S7号线(宁溧线)",
            "businfo_expect_dates": " | ",
            "businfo_realbus": "0|0"
          },
          "adcode": "320117",
          "domain_list": [
            {
              "type": "html",
              "id": "1015",
              "name": "poiclosed"
            },
            {
              "type": "img",
              "id": "1003",
              "name": "icon"
            },
            {
              "type": "html",
              "id": "1011",
              "name": "traffic"
            },
            {
              "type": "text",
              "id": "1014",
              "name": "roadaoi"
            },
            {
              "type": "button",
              "id": "1012",
              "name": "ext_btn"
            },
            {
              "type": "webimg",
              "id": "1009",
              "name": "pic_info"
            },
            {
              "type": "img",
              "id": "1008",
              "name": "overbooked"
            },
            {
              "type": "img",
              "id": "1007",
              "name": "moreservice"
            },
            {
              "type": "html",
              "id": "1006",
              "name": "tag"
            },
            {
              "type": "text",
              "id": "1005",
              "value": "查看出入口、停车场",
              "name": "parent_info"
            },
            {
              "pys": "31.721048+++31.721482+++31.721274+++31.720911",
              "poiids": "BX10025112+++BX10025114+++BX10025113+++BX10025115",
              "name": "parent_other_rel",
              "pxs": "119.014737+++119.014599+++119.013886+++119.013998",
              "childtype": "107+++107+++107+++107",
              "poiname": "群力地铁站1A口+++群力地铁站1B口+++群力地铁站2A口+++群力地铁站2B口",
              "address": "S7号线/宁溧线+++S7号线/宁溧线+++S7号线/宁溧线+++S7号线/宁溧线",
              "shortname": "1A+++1B+++2A+++2B",
              "type": "array",
              "id": "1004"
            },
            {
              "type": "text",
              "id": "1010",
              "name": "business_area"
            },
            {
              "type": "html",
              "id": "1002",
              "name": "deepinfo"
            },
            {
              "type": "html",
              "id": "1001",
              "name": "price"
            },
            {
              "type": "text",
              "id": "1013",
              "name": "aoi"
            }
          ],
          "newtype": "150500",
          "disp_name": "群力(地铁站)",
          "cpdata": "",
          "latitude": "31.720852",
          "discount_flag": "0"
        },
        {
          "rating": "",
          "tel": "",
          "typecode": "150500",
          "areacode": "025",
          "cityname": "南京市",
          "address": "S7号线/宁溧线",
          "child_stations": [
            {
              "navi_poiname": "",
              "businfo_lineids": "900000075073",
              "businfo_station_status": "1",
              "businfo_line_types": "2",
              "y": "31.646761",
              "businfo_line_alias": "S7号线/宁溧线",
              "businfo_stationids": "900000075073008",
              "businfo_ui_colors": "E4A8A3",
              "new_type": "150500",
              "navi_poiside": "",
              "businfo_angles": "-88.421037",
              "businfo_expect_dates": "",
              "poiid": "BS11901321",
              "poiid2": "BV10854327",
              "businfo_alias": "",
              "navi_poiid": "",
              "name": "中山湖(地铁站)",
              "businfo_mesh": "H50F005041",
              "businfo_road_id": "614824",
              "bus_alias": "A",
              "businfo_line_names": "地铁S7号线(宁溧线)(空港新城江宁--无想山)",
              "x": "119.045275",
              "businfo_realbus": "0",
              "businfo_line_keys": "地铁S7号线(宁溧线)"
            },
            {
              "navi_poiname": "",
              "businfo_lineids": "900000075074",
              "businfo_station_status": "1",
              "businfo_line_types": "2",
              "y": "31.646761",
              "businfo_line_alias": "S7号线/宁溧线",
              "businfo_stationids": "900000075074003",
              "businfo_ui_colors": "E4A8A3",
              "new_type": "150500",
              "navi_poiside": "",
              "businfo_angles": "91.624370",
              "businfo_expect_dates": "",
              "poiid": "BS11901320",
              "poiid2": "BV10854327",
              "businfo_alias": "",
              "navi_poiid": "",
              "name": "中山湖(地铁站)",
              "businfo_mesh": "H50F005041",
              "businfo_road_id": "614824",
              "bus_alias": "B",
              "businfo_line_names": "地铁S7号线(宁溧线)(无想山--空港新城江宁)",
              "x": "119.045275",
              "businfo_realbus": "0",
              "businfo_line_keys": "地铁S7号线(宁溧线)"
            }
          ],
          "display_brand": "",
          "shape_region": "",
          "longitude": "119.045275",
          "review_total": "",
          "cinemazuo_flag": "0",
          "diner_flag": "0",
          "id": "BV10854327",
          "name": "中山湖(地铁站)",
          "group_flag": "0",
          "distance": "0",
          "entrances": [],
          "recommend_flag": "0",
          "exits": [],
          "stations": {
            "businfo_lineids": "900000075073|900000075074",
            "display_x": "119.045275",
            "display_y": "31.646761",
            "businfo_ids": "BS11901321|BS11901320",
            "businfo_line_alias": "S7号线/宁溧线|S7号线/宁溧线",
            "businfo_ui_colors": "E4A8A3|E4A8A3",
            "businfo_alias": "",
            "businfo_angles": "-88.421037|91.624370",
            "businfo_line_names": "地铁S7号线(宁溧线)(空港新城江宁--无想山)|地铁S7号线(宁溧线)(无想山--空港新城江宁)",
            "businfo_stationids": "900000075073008|900000075074003",
            "businfo_line_types": "2|2",
            "businfo_road_ids": "614824|614824",
            "businfo_station_status": "1|1",
            "businfo_meshs": "H50F005041|H50F005041",
            "xs": "119.045275|119.045275",
            "ys": "31.646761|31.646761",
            "businfo_line_keys": "地铁S7号线(宁溧线)|地铁S7号线(宁溧线)",
            "businfo_expect_dates": " | ",
            "businfo_realbus": "0|0"
          },
          "adcode": "320117",
          "domain_list": [
            {
              "type": "html",
              "id": "1015",
              "name": "poiclosed"
            },
            {
              "type": "img",
              "id": "1003",
              "name": "icon"
            },
            {
              "type": "html",
              "id": "1011",
              "name": "traffic"
            },
            {
              "type": "text",
              "id": "1014",
              "name": "roadaoi"
            },
            {
              "type": "button",
              "id": "1012",
              "name": "ext_btn"
            },
            {
              "type": "webimg",
              "id": "1009",
              "name": "pic_info"
            },
            {
              "type": "img",
              "id": "1008",
              "name": "overbooked"
            },
            {
              "type": "img",
              "id": "1007",
              "name": "moreservice"
            },
            {
              "type": "html",
              "id": "1006",
              "name": "tag"
            },
            {
              "type": "text",
              "id": "1005",
              "value": "查看出入口、停车场",
              "name": "parent_info"
            },
            {
              "pys": "31.646345+++31.646069+++31.646893+++31.647568",
              "poiids": "BX10025102+++BX10025104+++BX10025103+++BX10025101",
              "name": "parent_other_rel",
              "pxs": "119.046103+++119.044855+++119.046199+++119.044789",
              "childtype": "107+++107+++107+++107",
              "poiname": "中山湖地铁站1号口+++中山湖地铁站4号口+++中山湖地铁站2号口+++中山湖地铁站3号口",
              "address": "S7号线/宁溧线+++S7号线/宁溧线+++S7号线/宁溧线+++S7号线/宁溧线",
              "shortname": "1+++4+++2+++3",
              "type": "array",
              "id": "1004"
            },
            {
              "type": "text",
              "id": "1010",
              "name": "business_area"
            },
            {
              "type": "html",
              "id": "1002",
              "name": "deepinfo"
            },
            {
              "type": "html",
              "id": "1001",
              "name": "price"
            },
            {
              "type": "text",
              "id": "1013",
              "name": "aoi"
            }
          ],
          "newtype": "150500",
          "disp_name": "中山湖(地铁站)",
          "cpdata": "",
          "latitude": "31.646761",
          "discount_flag": "0"
        },
        {
          "rating": "",
          "tel": "",
          "typecode": "150500",
          "areacode": "025",
          "cityname": "南京市",
          "address": "S7号线/宁溧线",
          "child_stations": [
            {
              "navi_poiname": "",
              "businfo_lineids": "900000075074",
              "businfo_station_status": "1",
              "businfo_line_types": "2",
              "y": "31.733816",
              "businfo_line_alias": "S7号线/宁溧线",
              "businfo_stationids": "900000075074007",
              "businfo_ui_colors": "E4A8A3",
              "new_type": "150500",
              "navi_poiside": "",
              "businfo_angles": "179.929002",
              "businfo_expect_dates": "",
              "poiid": "BS11901324",
              "poiid2": "BV10854329",
              "businfo_alias": "",
              "navi_poiid": "",
              "name": "空港新城溧水(地铁站)",
              "businfo_mesh": "H50F004040",
              "businfo_road_id": "608266",
              "bus_alias": "A",
              "businfo_line_names": "地铁S7号线(宁溧线)(无想山--空港新城江宁)",
              "x": "118.989250",
              "businfo_realbus": "0",
              "businfo_line_keys": "地铁S7号线(宁溧线)"
            },
            {
              "navi_poiname": "",
              "businfo_lineids": "900000075073",
              "businfo_station_status": "1",
              "businfo_line_types": "2",
              "y": "31.733816",
              "businfo_line_alias": "S7号线/宁溧线",
              "businfo_stationids": "900000075073004",
              "businfo_ui_colors": "E4A8A3",
              "new_type": "150500",
              "navi_poiside": "",
              "businfo_angles": "0.074217",
              "businfo_expect_dates": "",
              "poiid": "BS11901325",
              "poiid2": "BV10854329",
              "businfo_alias": "",
              "navi_poiid": "",
              "name": "空港新城溧水(地铁站)",
              "businfo_mesh": "H50F004040",
              "businfo_road_id": "608266",
              "bus_alias": "B",
              "businfo_line_names": "地铁S7号线(宁溧线)(空港新城江宁--无想山)",
              "x": "118.989250",
              "businfo_realbus": "0",
              "businfo_line_keys": "地铁S7号线(宁溧线)"
            }
          ],
          "display_brand": "",
          "shape_region": "",
          "longitude": "118.989250",
          "review_total": "",
          "cinemazuo_flag": "0",
          "diner_flag": "0",
          "id": "BV10854329",
          "name": "空港新城溧水(地铁站)",
          "group_flag": "0",
          "distance": "0",
          "entrances": [],
          "recommend_flag": "0",
          "exits": [],
          "stations": {
            "businfo_lineids": "900000075073|900000075074",
            "display_x": "118.989250",
            "display_y": "31.733816",
            "businfo_ids": "BS11901325|BS11901324",
            "businfo_line_alias": "S7号线/宁溧线|S7号线/宁溧线",
            "businfo_ui_colors": "E4A8A3|E4A8A3",
            "businfo_alias": "",
            "businfo_angles": "0.074217|179.929002",
            "businfo_line_names": "地铁S7号线(宁溧线)(空港新城江宁--无想山)|地铁S7号线(宁溧线)(无想山--空港新城江宁)",
            "businfo_stationids": "900000075073004|900000075074007",
            "businfo_line_types": "2|2",
            "businfo_road_ids": "608266|608266",
            "businfo_station_status": "1|1",
            "businfo_meshs": "H50F004040|H50F004040",
            "xs": "118.989250|118.989250",
            "ys": "31.733816|31.733816",
            "businfo_line_keys": "地铁S7号线(宁溧线)|地铁S7号线(宁溧线)",
            "businfo_expect_dates": " | ",
            "businfo_realbus": "0|0"
          },
          "adcode": "320117",
          "domain_list": [
            {
              "type": "html",
              "id": "1015",
              "name": "poiclosed"
            },
            {
              "type": "img",
              "id": "1003",
              "name": "icon"
            },
            {
              "type": "html",
              "id": "1011",
              "name": "traffic"
            },
            {
              "type": "text",
              "id": "1014",
              "name": "roadaoi"
            },
            {
              "type": "button",
              "id": "1012",
              "name": "ext_btn"
            },
            {
              "type": "webimg",
              "id": "1009",
              "name": "pic_info"
            },
            {
              "type": "img",
              "id": "1008",
              "name": "overbooked"
            },
            {
              "type": "img",
              "id": "1007",
              "name": "moreservice"
            },
            {
              "type": "html",
              "id": "1006",
              "name": "tag"
            },
            {
              "type": "text",
              "id": "1005",
              "value": "查看出入口、停车场",
              "name": "parent_info"
            },
            {
              "pys": "31.734131+++31.733476+++31.733473+++31.734129",
              "poiids": "BX10025092+++BX10025091+++BX10025094+++BX10025093",
              "name": "parent_other_rel",
              "pxs": "118.989841+++118.989991+++118.989128+++118.989141",
              "childtype": "107+++107+++107+++107",
              "poiname": "空港新城溧水地铁站1A口+++空港新城溧水地铁站2B口+++空港新城溧水地铁站2A口+++空港新城溧水地铁站1B口",
              "address": "S7号线/宁溧线+++S7号线/宁溧线+++S7号线/宁溧线+++S7号线/宁溧线",
              "shortname": "1A+++2B+++2A+++1B",
              "type": "array",
              "id": "1004"
            },
            {
              "type": "text",
              "id": "1010",
              "name": "business_area"
            },
            {
              "type": "html",
              "id": "1002",
              "name": "deepinfo"
            },
            {
              "type": "html",
              "id": "1001",
              "name": "price"
            },
            {
              "type": "text",
              "id": "1013",
              "name": "aoi"
            }
          ],
          "newtype": "150500",
          "disp_name": "空港新城溧水(地铁站)",
          "cpdata": "",
          "latitude": "31.733816",
          "discount_flag": "0"
        },
        {
          "rating": "",
          "tel": "",
          "typecode": "150500",
          "areacode": "025",
          "cityname": "南京市",
          "address": "S7号线/宁溧线",
          "child_stations": [
            {
              "navi_poiname": "",
              "businfo_lineids": "900000075074",
              "businfo_line_shields": "S7号线",
              "businfo_line_types": "2",
              "y": "31.756740",
              "businfo_line_alias": "S7号线/宁溧线",
              "businfo_stationids": "900000075074008",
              "businfo_ui_colors": "E4A8A3",
              "new_type": "150500",
              "navi_poiside": "",
              "businfo_angles": "151.319873",
              "businfo_expect_dates": "",
              "poiid": "BS12091208",
              "poiid2": "BV10946752",
              "businfo_alias": "",
              "navi_poiid": "",
              "name": "柘塘(地铁站)",
              "businfo_mesh": "H50F003040",
              "businfo_road_id": "608758",
              "bus_alias": "A",
              "businfo_line_names": "地铁S7号线(宁溧线)(无想山--空港新城江宁)",
              "x": "118.937897",
              "businfo_realbus": "0",
              "businfo_line_keys": "地铁S7号线(宁溧线)",
              "businfo_station_status": "1"
            },
            {
              "navi_poiname": "",
              "businfo_lineids": "900000075073",
              "businfo_line_shields": "S7号线",
              "businfo_line_types": "2",
              "y": "31.756740",
              "businfo_line_alias": "S7号线/宁溧线",
              "businfo_stationids": "900000075073003",
              "businfo_ui_colors": "E4A8A3",
              "new_type": "150500",
              "navi_poiside": "",
              "businfo_angles": "-28.521600",
              "businfo_expect_dates": "",
              "poiid": "BS12091209",
              "poiid2": "BV10946752",
              "businfo_alias": "",
              "navi_poiid": "",
              "name": "柘塘(地铁站)",
              "businfo_mesh": "H50F003040",
              "businfo_road_id": "608758",
              "bus_alias": "B",
              "businfo_line_names": "地铁S7号线(宁溧线)(空港新城江宁--无想山)",
              "x": "118.937897",
              "businfo_realbus": "0",
              "businfo_line_keys": "地铁S7号线(宁溧线)",
              "businfo_station_status": "1"
            }
          ],
          "display_brand": "",
          "shape_region": "",
          "longitude": "118.937897",
          "review_total": "",
          "cinemazuo_flag": "0",
          "diner_flag": "0",
          "id": "BV10946752",
          "name": "柘塘(地铁站)",
          "group_flag": "0",
          "distance": "0",
          "entrances": [],
          "recommend_flag": "0",
          "exits": [],
          "stations": {
            "businfo_lineids": "900000075073|900000075074",
            "display_x": "118.937897",
            "display_y": "31.756740",
            "businfo_ids": "BS12091209|BS12091208",
            "businfo_line_alias": "S7号线/宁溧线|S7号线/宁溧线",
            "businfo_ui_colors": "E4A8A3|E4A8A3",
            "businfo_alias": "",
            "businfo_angles": "-28.521600|151.319873",
            "businfo_line_names": "地铁S7号线(宁溧线)(空港新城江宁--无想山)|地铁S7号线(宁溧线)(无想山--空港新城江宁)",
            "businfo_stationids": "900000075073003|900000075074008",
            "businfo_line_types": "2|2",
            "businfo_road_ids": "608758|608758",
            "businfo_station_status": "1|1",
            "businfo_meshs": "H50F003040|H50F003040",
            "xs": "118.937897|118.937897",
            "ys": "31.756740|31.756740",
            "businfo_line_keys": "地铁S7号线(宁溧线)|地铁S7号线(宁溧线)",
            "businfo_expect_dates": " | ",
            "businfo_realbus": "0|0"
          },
          "adcode": "320117",
          "domain_list": [
            {
              "type": "html",
              "id": "1015",
              "name": "poiclosed"
            },
            {
              "type": "img",
              "id": "1003",
              "name": "icon"
            },
            {
              "type": "html",
              "id": "1011",
              "name": "traffic"
            },
            {
              "type": "text",
              "id": "1014",
              "name": "roadaoi"
            },
            {
              "type": "button",
              "id": "1012",
              "name": "ext_btn"
            },
            {
              "type": "webimg",
              "id": "1009",
              "name": "pic_info"
            },
            {
              "type": "img",
              "id": "1008",
              "name": "overbooked"
            },
            {
              "type": "img",
              "id": "1007",
              "name": "moreservice"
            },
            {
              "type": "html",
              "id": "1006",
              "name": "tag"
            },
            {
              "type": "text",
              "id": "1005",
              "value": "查看出入口、停车场",
              "name": "parent_info"
            },
            {
              "pys": "31.756488+++31.756746+++31.756510",
              "poiids": "BX10025105+++BX10025106+++BX10025107",
              "name": "parent_other_rel",
              "pxs": "118.938453+++118.937733+++118.938164",
              "childtype": "107+++107+++107",
              "poiname": "柘塘地铁站1号口+++柘塘地铁站3号口+++柘塘地铁站2号口",
              "address": "S7号线/宁溧线+++S7号线/宁溧线+++S7号线/宁溧线",
              "shortname": "1+++3+++2",
              "type": "array",
              "id": "1004"
            },
            {
              "type": "text",
              "id": "1010",
              "name": "business_area"
            },
            {
              "type": "html",
              "id": "1002",
              "name": "deepinfo"
            },
            {
              "type": "html",
              "id": "1001",
              "name": "price"
            },
            {
              "type": "text",
              "id": "1013",
              "name": "aoi"
            }
          ],
          "newtype": "150500",
          "disp_name": "柘塘(地铁站)",
          "cpdata": "",
          "latitude": "31.756740",
          "discount_flag": "0"
        },
        {
          "rating": "",
          "tel": "",
          "typecode": "150500",
          "areacode": "025",
          "cityname": "南京市",
          "address": "S7号线/宁溧线",
          "child_stations": [
            {
              "navi_poiname": "",
              "businfo_lineids": "900000075074",
              "businfo_station_status": "1",
              "businfo_line_types": "2",
              "y": "31.624602",
              "businfo_line_alias": "S7号线/宁溧线",
              "businfo_stationids": "900000075074002",
              "businfo_ui_colors": "E4A8A3",
              "new_type": "150500",
              "navi_poiside": "",
              "businfo_angles": "90.509282",
              "businfo_expect_dates": "",
              "poiid": "BS11901314",
              "poiid2": "BV10854324",
              "businfo_alias": "",
              "navi_poiid": "",
              "name": "幸庄(地铁站)",
              "businfo_mesh": "H50F005041",
              "businfo_road_id": "601760",
              "bus_alias": "A",
              "businfo_line_names": "地铁S7号线(宁溧线)(无想山--空港新城江宁)",
              "x": "119.046113",
              "businfo_realbus": "0",
              "businfo_line_keys": "地铁S7号线(宁溧线)"
            },
            {
              "navi_poiname": "",
              "businfo_lineids": "900000075073",
              "businfo_station_status": "1",
              "businfo_line_types": "2",
              "y": "31.624602",
              "businfo_line_alias": "S7号线/宁溧线",
              "businfo_stationids": "900000075073009",
              "businfo_ui_colors": "E4A8A3",
              "new_type": "150500",
              "navi_poiside": "",
              "businfo_angles": "-87.245215",
              "businfo_expect_dates": "",
              "poiid": "BS11901315",
              "poiid2": "BV10854324",
              "businfo_alias": "",
              "navi_poiid": "",
              "name": "幸庄(地铁站)",
              "businfo_mesh": "H50F005041",
              "businfo_road_id": "601760",
              "bus_alias": "B",
              "businfo_line_names": "地铁S7号线(宁溧线)(空港新城江宁--无想山)",
              "x": "119.046113",
              "businfo_realbus": "0",
              "businfo_line_keys": "地铁S7号线(宁溧线)"
            }
          ],
          "display_brand": "",
          "shape_region": "",
          "longitude": "119.046113",
          "review_total": "",
          "cinemazuo_flag": "0",
          "diner_flag": "0",
          "id": "BV10854324",
          "name": "幸庄(地铁站)",
          "group_flag": "0",
          "distance": "0",
          "entrances": [],
          "recommend_flag": "0",
          "exits": [],
          "stations": {
            "businfo_lineids": "900000075074|900000075073",
            "display_x": "119.046113",
            "display_y": "31.624602",
            "businfo_ids": "BS11901314|BS11901315",
            "businfo_line_alias": "S7号线/宁溧线|S7号线/宁溧线",
            "businfo_ui_colors": "E4A8A3|E4A8A3",
            "businfo_alias": "",
            "businfo_angles": "90.509282|-87.245215",
            "businfo_line_names": "地铁S7号线(宁溧线)(无想山--空港新城江宁)|地铁S7号线(宁溧线)(空港新城江宁--无想山)",
            "businfo_stationids": "900000075074002|900000075073009",
            "businfo_line_types": "2|2",
            "businfo_road_ids": "601760|601760",
            "businfo_station_status": "1|1",
            "businfo_meshs": "H50F005041|H50F005041",
            "xs": "119.046113|119.046113",
            "ys": "31.624602|31.624602",
            "businfo_line_keys": "地铁S7号线(宁溧线)|地铁S7号线(宁溧线)",
            "businfo_expect_dates": " | ",
            "businfo_realbus": "0|0"
          },
          "adcode": "320117",
          "domain_list": [
            {
              "type": "html",
              "id": "1015",
              "name": "poiclosed"
            },
            {
              "type": "img",
              "id": "1003",
              "name": "icon"
            },
            {
              "type": "html",
              "id": "1011",
              "name": "traffic"
            },
            {
              "type": "text",
              "id": "1014",
              "name": "roadaoi"
            },
            {
              "type": "button",
              "id": "1012",
              "name": "ext_btn"
            },
            {
              "type": "webimg",
              "id": "1009",
              "name": "pic_info"
            },
            {
              "type": "img",
              "id": "1008",
              "name": "overbooked"
            },
            {
              "type": "img",
              "id": "1007",
              "name": "moreservice"
            },
            {
              "type": "html",
              "id": "1006",
              "name": "tag"
            },
            {
              "type": "text",
              "id": "1005",
              "value": "查看出入口、停车场",
              "name": "parent_info"
            },
            {
              "pys": "31.625188+++31.625133+++31.624237+++31.625187+++31.624109",
              "poiids": "BX10025098+++BX10025095+++BX10025096+++BX10029162+++BX10025097",
              "name": "parent_other_rel",
              "pxs": "119.046489+++119.045720+++119.045749+++119.046926+++119.046535",
              "childtype": "107+++107+++107+++107+++107",
              "poiname": "幸庄地铁站2号口+++幸庄地铁站3号口+++幸庄地铁站4号口+++幸庄地铁站5号口+++幸庄地铁站1号口",
              "address": "S7号线/宁溧线+++S7号线/宁溧线+++S7号线/宁溧线+++S7号线/宁溧线+++S7号线/宁溧线",
              "shortname": "2+++3+++4+++5+++1",
              "type": "array",
              "id": "1004"
            },
            {
              "type": "text",
              "id": "1010",
              "name": "business_area"
            },
            {
              "type": "html",
              "id": "1002",
              "name": "deepinfo"
            },
            {
              "type": "html",
              "id": "1001",
              "name": "price"
            },
            {
              "type": "text",
              "id": "1013",
              "name": "aoi"
            }
          ],
          "newtype": "150500",
          "disp_name": "幸庄(地铁站)",
          "cpdata": "",
          "latitude": "31.624602",
          "discount_flag": "0"
        },
        {
          "rating": "",
          "tel": "",
          "typecode": "150500",
          "areacode": "025",
          "cityname": "南京市",
          "address": "S7号线/宁溧线",
          "child_stations": [
            {
              "navi_poiname": "",
              "businfo_lineids": "900000075073",
              "businfo_station_status": "1",
              "businfo_line_types": "2",
              "y": "31.662243",
              "businfo_line_alias": "S7号线/宁溧线",
              "businfo_stationids": "900000075073007",
              "businfo_ui_colors": "E4A8A3",
              "new_type": "150500",
              "navi_poiside": "",
              "businfo_angles": "-87.948736",
              "businfo_expect_dates": "",
              "poiid": "BS11901317",
              "poiid2": "BV10854325",
              "businfo_alias": "",
              "navi_poiid": "",
              "name": "溧水(地铁站)",
              "businfo_mesh": "H50F005041",
              "businfo_road_id": "622454",
              "bus_alias": "A",
              "businfo_line_names": "地铁S7号线(宁溧线)(空港新城江宁--无想山)",
              "x": "119.044582",
              "businfo_realbus": "0",
              "businfo_line_keys": "地铁S7号线(宁溧线)"
            },
            {
              "navi_poiname": "",
              "businfo_lineids": "900000075074",
              "businfo_station_status": "1",
              "businfo_line_types": "2",
              "y": "31.662243",
              "businfo_line_alias": "S7号线/宁溧线",
              "businfo_stationids": "900000075074004",
              "businfo_ui_colors": "E4A8A3",
              "new_type": "150500",
              "navi_poiside": "",
              "businfo_angles": "91.282527",
              "businfo_expect_dates": "",
              "poiid": "BS11901316",
              "poiid2": "BV10854325",
              "businfo_alias": "",
              "navi_poiid": "",
              "name": "溧水(地铁站)",
              "businfo_mesh": "H50F005041",
              "businfo_road_id": "622454",
              "bus_alias": "B",
              "businfo_line_names": "地铁S7号线(宁溧线)(无想山--空港新城江宁)",
              "x": "119.044582",
              "businfo_realbus": "0",
              "businfo_line_keys": "地铁S7号线(宁溧线)"
            }
          ],
          "display_brand": "",
          "shape_region": "",
          "longitude": "119.044582",
          "review_total": "1",
          "cinemazuo_flag": "0",
          "diner_flag": "0",
          "id": "BV10854325",
          "name": "溧水(地铁站)",
          "group_flag": "0",
          "distance": "0",
          "entrances": [],
          "recommend_flag": "0",
          "exits": [],
          "stations": {
            "businfo_lineids": "900000075074|900000075073",
            "display_x": "119.044582",
            "display_y": "31.662243",
            "businfo_ids": "BS11901316|BS11901317",
            "businfo_line_alias": "S7号线/宁溧线|S7号线/宁溧线",
            "businfo_ui_colors": "E4A8A3|E4A8A3",
            "businfo_alias": "",
            "businfo_angles": "91.282527|-87.948736",
            "businfo_line_names": "地铁S7号线(宁溧线)(无想山--空港新城江宁)|地铁S7号线(宁溧线)(空港新城江宁--无想山)",
            "businfo_stationids": "900000075074004|900000075073007",
            "businfo_line_types": "2|2",
            "businfo_road_ids": "622454|622454",
            "businfo_station_status": "1|1",
            "businfo_meshs": "H50F005041|H50F005041",
            "xs": "119.044582|119.044582",
            "ys": "31.662243|31.662243",
            "businfo_line_keys": "地铁S7号线(宁溧线)|地铁S7号线(宁溧线)",
            "businfo_expect_dates": " | ",
            "businfo_realbus": "0|0"
          },
          "adcode": "320117",
          "domain_list": [
            {
              "type": "html",
              "id": "1015",
              "name": "poiclosed"
            },
            {
              "type": "img",
              "id": "1003",
              "name": "icon"
            },
            {
              "type": "html",
              "id": "1011",
              "name": "traffic"
            },
            {
              "type": "text",
              "id": "1014",
              "name": "roadaoi"
            },
            {
              "type": "button",
              "id": "1012",
              "name": "ext_btn"
            },
            {
              "type": "webimg",
              "id": "1009",
              "name": "pic_info"
            },
            {
              "type": "img",
              "id": "1008",
              "name": "overbooked"
            },
            {
              "type": "img",
              "id": "1007",
              "name": "moreservice"
            },
            {
              "type": "html",
              "id": "1006",
              "name": "tag"
            },
            {
              "type": "text",
              "id": "1005",
              "value": "查看出入口、停车场",
              "name": "parent_info"
            },
            {
              "pys": "31.661144+++31.662684+++31.662405+++31.661362+++31.663850",
              "poiids": "BX10025147+++BX10025118+++BX10025116+++BX10025119+++BX10025117",
              "name": "parent_other_rel",
              "pxs": "119.045009+++119.045285+++119.044195+++119.043976+++119.044873",
              "childtype": "107+++107+++107+++107+++107",
              "poiname": "溧水地铁站1号口+++溧水地铁站2号口+++溧水地铁站4号口+++溧水地铁站5号口+++溧水地铁站3号口",
              "address": "S7号线/宁溧线+++S7号线/宁溧线+++S7号线/宁溧线+++S7号线/宁溧线+++S7号线/宁溧线",
              "shortname": "1+++2+++4+++5+++3",
              "type": "array",
              "id": "1004"
            },
            {
              "type": "text",
              "id": "1010",
              "name": "business_area"
            },
            {
              "type": "html",
              "id": "1002",
              "name": "deepinfo"
            },
            {
              "type": "html",
              "id": "1001",
              "name": "price"
            },
            {
              "type": "text",
              "id": "1013",
              "name": "aoi"
            }
          ],
          "newtype": "150500",
          "disp_name": "溧水(地铁站)",
          "cpdata": "",
          "latitude": "31.662243",
          "discount_flag": "0"
        },
        {
          "rating": "",
          "tel": "",
          "typecode": "150500",
          "areacode": "025",
          "cityname": "南京市",
          "address": "S7号线/宁溧线",
          "child_stations": [
            {
              "navi_poiname": "",
              "businfo_lineids": "900000075073",
              "businfo_station_status": "1",
              "businfo_line_types": "2",
              "y": "31.686304",
              "businfo_line_alias": "S7号线/宁溧线",
              "businfo_stationids": "900000075073006",
              "businfo_ui_colors": "E4A8A3",
              "new_type": "150500",
              "navi_poiside": "",
              "businfo_angles": "-85.067053",
              "businfo_expect_dates": "",
              "poiid": "BS12091207",
              "poiid2": "BV10946751",
              "businfo_alias": "",
              "navi_poiid": "",
              "name": "卧龙湖(地铁站)",
              "businfo_mesh": "H50F004041",
              "businfo_road_id": "615719",
              "bus_alias": "A",
              "businfo_line_names": "地铁S7号线(宁溧线)(空港新城江宁--无想山)",
              "x": "119.043290",
              "businfo_realbus": "0",
              "businfo_line_keys": "地铁S7号线(宁溧线)"
            },
            {
              "navi_poiname": "",
              "businfo_lineids": "900000075074",
              "businfo_station_status": "1",
              "businfo_line_types": "2",
              "y": "31.686304",
              "businfo_line_alias": "S7号线/宁溧线",
              "businfo_stationids": "900000075074005",
              "businfo_ui_colors": "E4A8A3",
              "new_type": "150500",
              "navi_poiside": "",
              "businfo_angles": "93.310942",
              "businfo_expect_dates": "",
              "poiid": "BS12091206",
              "poiid2": "BV10946751",
              "businfo_alias": "",
              "navi_poiid": "",
              "name": "卧龙湖(地铁站)",
              "businfo_mesh": "H50F004041",
              "businfo_road_id": "615719",
              "bus_alias": "B",
              "businfo_line_names": "地铁S7号线(宁溧线)(无想山--空港新城江宁)",
              "x": "119.043290",
              "businfo_realbus": "0",
              "businfo_line_keys": "地铁S7号线(宁溧线)"
            }
          ],
          "display_brand": "",
          "shape_region": "",
          "longitude": "119.043290",
          "review_total": "",
          "cinemazuo_flag": "0",
          "diner_flag": "0",
          "id": "BV10946751",
          "name": "卧龙湖(地铁站)",
          "group_flag": "0",
          "distance": "0",
          "entrances": [],
          "recommend_flag": "0",
          "exits": [],
          "stations": {
            "businfo_lineids": "900000075073|900000075074",
            "display_x": "119.043290",
            "display_y": "31.686304",
            "businfo_ids": "BS12091207|BS12091206",
            "businfo_line_alias": "S7号线/宁溧线|S7号线/宁溧线",
            "businfo_ui_colors": "E4A8A3|E4A8A3",
            "businfo_alias": "",
            "businfo_angles": "-85.067053|93.310942",
            "businfo_line_names": "地铁S7号线(宁溧线)(空港新城江宁--无想山)|地铁S7号线(宁溧线)(无想山--空港新城江宁)",
            "businfo_stationids": "900000075073006|900000075074005",
            "businfo_line_types": "2|2",
            "businfo_road_ids": "615719|615719",
            "businfo_station_status": "1|1",
            "businfo_meshs": "H50F004041|H50F004041",
            "xs": "119.043290|119.043290",
            "ys": "31.686304|31.686304",
            "businfo_line_keys": "地铁S7号线(宁溧线)|地铁S7号线(宁溧线)",
            "businfo_expect_dates": " | ",
            "businfo_realbus": "0|0"
          },
          "adcode": "320117",
          "domain_list": [
            {
              "type": "html",
              "id": "1015",
              "name": "poiclosed"
            },
            {
              "type": "img",
              "id": "1003",
              "name": "icon"
            },
            {
              "type": "html",
              "id": "1011",
              "name": "traffic"
            },
            {
              "type": "text",
              "id": "1014",
              "name": "roadaoi"
            },
            {
              "type": "button",
              "id": "1012",
              "name": "ext_btn"
            },
            {
              "type": "webimg",
              "id": "1009",
              "name": "pic_info"
            },
            {
              "type": "img",
              "id": "1008",
              "name": "overbooked"
            },
            {
              "type": "img",
              "id": "1007",
              "name": "moreservice"
            },
            {
              "type": "html",
              "id": "1006",
              "name": "tag"
            },
            {
              "type": "text",
              "id": "1005",
              "value": "查看出入口、停车场",
              "name": "parent_info"
            },
            {
              "pys": "31.686763+++31.686384+++31.686425+++31.686798",
              "poiids": "BX10025111+++BX10025109+++BX10025110+++BX10025108",
              "name": "parent_other_rel",
              "pxs": "119.042874+++119.043606+++119.042900+++119.043577",
              "childtype": "107+++107+++107+++107",
              "poiname": "卧龙湖地铁站2A口+++卧龙湖地铁站1A口+++卧龙湖地铁站2B口+++卧龙湖地铁站1B口",
              "address": "S7号线/宁溧线+++S7号线/宁溧线+++S7号线/宁溧线+++S7号线/宁溧线",
              "shortname": "2A+++1A+++2B+++1B",
              "type": "array",
              "id": "1004"
            },
            {
              "type": "text",
              "id": "1010",
              "name": "business_area"
            },
            {
              "type": "html",
              "id": "1002",
              "name": "deepinfo"
            },
            {
              "type": "html",
              "id": "1001",
              "name": "price"
            },
            {
              "type": "text",
              "id": "1013",
              "name": "aoi"
            }
          ],
          "newtype": "150500",
          "disp_name": "卧龙湖(地铁站)",
          "cpdata": "",
          "latitude": "31.686304",
          "discount_flag": "0"
        }
      ]
    }
  }